RSU,CAR,X,Y,dBm,ReceiveTime,SentTime
110,2044,6631.11,2989.82,-82.9426,259.954228063747,259.9
75,2692,4927.5,1880.93,-126.267,266.254202336729,266.2
75,3652,4934.64,1880.68,-128.155,266.254749389733,266.2
75,910,4927.39,1877.73,-126.841,266.255139483032,266.2
75,238,4934.53,1877.48,-128.794,266.255334496408,266.2
85,6118,6916.05,2327.86,-85.1152,269.454318818528,269.4
85,1294,6916.52,2333.16,-85.2527,269.454917073151,269.4
85,5206,6910.65,2346.42,-85.8149,269.755376883822,269.7
85,2608,6916.99,2338.46,-85.3881,269.755571892304,269.7
100,5182,4984.66,2565.93,-118.668,270.000141292596,270.0
100,454,4581.52,3009.42,-127.341,270.054237442144,270.0
100,2230,4984.53,2562.73,-118.737,270.054784501325,270.0
100,5182,4984.68,2565.93,-118.661,270.100142323504,270.1
110,2044,6631.14,2989.82,-82.9422,270.154202063674,270.1
100,454,4580.27,3009.5,-127.388,270.154263446269,270.1
100,2230,4984.55,2562.73,-118.731,270.154400594794,270.1
100,5182,4984.71,2565.93,-118.649,270.200147614539,270.2
110,2044,6631.18,2989.81,-82.9414,270.25421506353,270.2
55,2224,6505.2,963.177,-128.886,270.254240545762,270.2
100,454,4579.03,3009.58,-127.435,270.254263450394,270.2
100,2230,4984.58,2562.73,-118.718,270.254790160873,270.2
55,5200,6374.18,967.501,-85.5362,270.300143548775,270.3
100,5182,4984.75,2565.93,-118.322,270.300147632578,270.3
110,2044,6631.25,2989.8,-82.9402,270.354215063317,270.3
100,454,4577.79,3009.66,-127.481,270.354237454514,270.3
55,2224,6505.21,963.129,-128.831,270.354240545829,270.3
75,3652,4934.65,1880.68,-128.158,270.354393641292,270.3
100,2230,4984.62,2562.73,-118.7,270.354787741088,270.3
85,5206,6910.78,2346.45,-85.8171,270.35537444506,270.3
55,5200,6374.28,967.494,-85.5384,270.400143548911,270.4
110,2044,6631.33,2989.78,-82.9387,270.454215063036,270.4
100,454,4576.56,3009.74,-127.528,270.454224458616,270.4
55,2224,6505.23,963.065,-110.769,270.454240545917,270.4
100,2230,4984.69,2562.73,-117.026,270.454801276219,270.4
100,5182,4984.82,2565.93,-116.358,270.45519130564,270.4
100,5182,4984.89,2565.93,-96.7014,270.500139261339,270.5
55,5200,6374.39,967.485,-85.541,270.500143549054,270.5
55,2224,6505.26,962.985,-110.772,270.554227546027,270.5
110,2044,6631.44,2989.77,-82.9367,270.554228062682,270.5
100,454,4575.32,3009.82,-127.574,270.554250462724,270.5
100,2230,4984.76,2562.73,-96.7646,270.554594980579,270.5
75,3652,4934.69,1880.68,-128.171,270.554800544762,270.5
75,238,4934.58,1877.48,-128.81,270.555183425501,270.5
55,5200,6374.53,967.475,-85.5441,270.600143549221,270.6
100,5182,4984.98,2565.92,-96.7013,270.600149650092,270.6
55,2224,6505.29,962.89,-110.775,270.65424054616,270.6
110,2044,6631.57,2989.75,-82.9343,270.654241062258,270.6
100,454,4574.08,3009.9,-127.621,270.654250466831,270.6
75,3652,4934.73,1880.67,-128.182,270.654395270953,270.6
75,910,4927.4,1877.73,-126.843,270.654590316951,270.6
75,2692,4927.51,1880.93,-126.269,270.654980499329,270.6
100,2230,4984.85,2562.72,-96.7645,270.654986154038,270.6
55,5200,6374.69,967.463,-85.5477,270.700143549413,270.7
100,5182,4985.09,2565.92,-96.7012,270.700148443451,270.7
110,2044,6631.72,2989.72,-82.9315,270.754202061767,270.7
100,454,4572.84,3009.98,-127.667,270.754224470949,270.7
55,2224,6505.33,962.778,-107.538,270.754240546314,270.7
100,2230,4984.96,2562.72,-96.7643,270.754399942139,270.7
75,2692,4927.52,1880.93,-126.27,270.754978826025,270.7
100,5182,4985.2,2565.91,-96.701,270.800140913417,270.8
55,5200,6374.86,967.45,-85.5517,270.800143549609,270.8
55,2224,6505.38,962.65,-88.581,270.854214546491,270.8
110,2044,6631.89,2989.7,-82.9284,270.854215061216,270.8
100,454,4571.61,3010.05,-127.714,270.854237475045,270.8
100,2230,4985.08,2562.71,-96.7642,270.854399939619,270.8
75,2692,4927.53,1880.93,-126.273,270.854601676982,270.8
55,5200,6391.45,966.107,-85.9173,270.900143604321,270.9
75,910,4927.44,1877.73,-126.853,270.954204625409,270.9
55,2224,6524.02,955.584,-89.2589,270.954214610094,270.9
110,2044,6658.16,2985.44,-82.1486,270.954214975704,270.9
100,454,4570.37,3010.13,-127.76,270.954224479174,270.9
100,1750,4985.55,2573.69,-96.2796,270.954982313955,270.9
55,5200,6391.57,966.097,-85.9197,271.000143612651,271.0
100,1750,4985.33,2573.7,-96.2791,271.000147785315,271.0
110,2044,6658.27,2985.42,-82.1457,271.054240975355,271.0
55,2224,6524.19,955.574,-89.2461,271.054253610665,271.0
100,454,4569.13,3010.21,-127.806,271.05426348329,271.0
75,3652,4935.03,1880.66,-128.276,271.054395269526,271.0
75,910,4927.47,1877.72,-126.86,271.054747618484,271.0
75,2692,4927.58,1880.92,-126.284,271.054942620273,271.0
55,5200,6391.69,966.086,-85.9224,271.100143613257,271.1
55,2224,6524.37,955.564,-89.2324,271.154227611279,271.1
110,2044,6658.39,2985.4,-82.1425,271.154227974978,271.1
100,454,4567.89,3010.29,-127.853,271.154237487402,271.1
75,2692,4927.62,1880.92,-126.293,271.15442033155,271.1
75,910,4927.51,1877.72,-126.87,271.154615519927,271.1
75,3652,4935.15,1880.66,-128.31,271.154810527143,271.1
100,1336,4991.23,2575.02,-96.3233,271.154978863692,271.1
100,1750,4985.1,2573.71,-115.655,271.155173987682,271.1
55,5200,6391.83,966.074,-85.9253,271.200143613903,271.2
110,2044,6658.51,2985.38,-82.139,271.254201974564,271.2
100,454,4566.66,3010.37,-127.899,271.254250491496,271.2
55,2224,6524.57,955.553,-89.2178,271.254253611937,271.2
75,2692,4927.66,1880.92,-126.304,271.254398586478,271.2
75,238,4935.18,1877.46,-129.003,271.255178886817,271.2
55,5200,6391.98,966.06,-85.9285,271.300143614606,271.3
55,2224,6524.78,955.542,-89.202,271.354214612654,271.3
110,2044,6658.65,2985.36,-82.1354,271.35422797413,271.3
100,454,4565.42,3010.45,-127.945,271.354250495614,271.3
75,910,4927.62,1877.72,-126.896,271.354590458779,271.3
55,5200,6392.15,966.046,-85.932,271.400143615361,271.4
110,2044,6658.79,2985.33,-82.1312,271.454201973657,271.4
100,454,4564.18,3010.53,-127.991,271.454237499742,271.4
55,2224,6525.01,955.529,-89.1716,271.454240613401,271.4
75,910,4927.69,1877.72,-126.914,271.454395313954,271.4
75,2692,4927.79,1880.92,-126.335,271.454590449202,271.4
100,1336,4991.23,2575.24,-96.3053,271.45479483645,271.4
75,3652,4935.6,1880.64,-128.452,271.454980562815,271.4
55,5200,6392.32,966.03,-85.9356,271.500143616145,271.5
100,1336,4991.23,2575.34,-96.2964,271.500147935878,271.5
110,2044,6658.95,2985.31,-82.1264,271.55421497315,271.5
100,454,4562.93,3010.61,-128.037,271.554237503869,271.5
55,2224,6525.25,955.516,-89.1385,271.554253614205,271.5
75,2692,4927.88,1880.91,-126.355,271.554395303993,271.5
75,910,4927.78,1877.71,-126.935,271.554760633696,271.5
75,3652,4935.79,1880.64,-128.512,271.555152314373,271.5
100,1336,4991.23,2575.46,-96.2867,271.600142315732,271.6
55,5200,6392.51,966.014,-85.9395,271.600143616976,271.6
110,2044,6659.12,2985.28,-82.1214,271.65420197261,271.6
100,454,4561.7,3010.69,-128.083,271.654224507959,271.6
55,2224,6525.5,955.503,-89.1043,271.65422761504,271.6
75,910,4927.88,1877.71,-126.959,271.654588769242,271.6
75,3652,4935.99,1880.63,-128.578,271.654927628375,271.6
75,2692,4927.98,1880.91,-126.378,271.655122666944,271.6
55,5200,6392.7,965.997,-85.9435,271.70014361784,271.7
100,1336,4991.23,2575.6,-96.2757,271.700144963588,271.7
110,2044,6659.3,2985.25,-82.116,271.754214972032,271.7
55,2224,6525.76,955.488,-89.0691,271.754227615908,271.7
100,454,4560.47,3010.77,-128.128,271.754237512067,271.7
75,3652,4936.22,1880.62,-128.649,271.754983796836,271.7
55,5200,6392.9,965.98,-85.9477,271.800143618734,271.8
100,1336,4991.23,2575.74,-96.2636,271.800149569021,271.8
110,2044,6659.48,2985.21,-82.1103,271.854227971419,271.8
100,454,4559.22,3010.84,-128.174,271.85425051619,271.8
55,2224,6526.04,955.473,-89.0324,271.854253616821,271.8
75,3652,4936.45,1880.61,-128.725,271.854590417465,271.8
100,1336,4991.23,2575.9,-96.2502,271.900140985461,271.9
55,5200,6393.1,965.962,-85.952,271.90014361967,271.9
100,454,4557.99,3010.92,-128.22,271.954237520303,271.9
55,2224,6526.32,955.458,-88.9947,271.954240617766,271.9
110,2044,6659.68,2985.18,-82.1043,271.954240970774,271.9
75,910,4928.26,1877.7,-127.054,271.954980601697,271.9
100,1336,4991.23,2576.08,-96.2348,272.0001401319,272.0
55,5200,6393.33,965.942,-85.9566,272.00014362066,272.0
55,2224,6526.62,955.442,-88.9562,272.054227618745,272.0
110,2044,6659.89,2985.14,-82.098,272.054227970097,272.0
100,454,4556.75,3011.0,-128.266,272.054237524421,272.0
75,910,4928.43,1877.69,-127.095,272.054393639261,272.0
75,2692,4928.52,1880.89,-126.506,272.054783866848,272.0
75,3652,4936.95,1880.6,-128.891,272.054978882692,272.0
100,1336,4991.23,2576.27,-96.2179,272.100142077914,272.1
55,5200,6393.56,965.922,-85.9615,272.100143621674,272.1
55,2224,6526.92,955.425,-88.9225,272.154240619759,272.1
110,2044,6660.11,2985.1,-82.0914,272.154240969395,272.1
100,454,4555.51,3011.08,-128.312,272.154250528539,272.1
55,5200,6393.8,965.9,-85.9665,272.20014362272,272.2
100,1336,4991.23,2576.47,-96.2001,272.200148035904,272.2
110,2044,6660.34,2985.06,-82.0846,272.254201968665,272.2
100,454,4554.27,3011.16,-128.357,272.25423753266,272.2
55,2224,6527.24,955.408,-88.8896,272.25425362083,272.2
75,3652,4937.52,1880.58,-129.085,272.25459026146,272.2
75,910,4928.81,1877.68,-127.191,272.254785313525,272.2
75,2692,4928.86,1880.88,-126.59,272.254980439284,272.2
55,5200,6394.05,965.878,-85.9717,272.300143623814,272.3
100,1336,4991.23,2576.68,-96.2316,272.300144978346,272.3
75,2692,4929.06,1880.87,-126.638,272.354202334322,272.3
110,2044,6660.57,2985.02,-82.0997,272.354227967912,272.3
100,454,4553.03,3011.24,-128.403,272.354237536766,272.3
55,2224,6527.58,955.389,-88.5048,272.354240621947,272.3
75,910,4929.02,1877.67,-127.244,272.354592539877,272.3
55,5200,6394.31,965.855,-85.9738,272.400143624971,272.4
100,1336,4991.23,2576.91,-96.2665,272.400148322237,272.4
75,2692,4929.28,1880.87,-126.691,272.454202333995,272.4
110,2044,6660.81,2984.98,-82.0921,272.454214967135,272.4
100,454,4551.8,3011.32,-128.448,272.45422454087,272.4
55,2224,6527.93,955.37,-88.5105,272.454240623122,272.4
75,910,4929.25,1877.66,-127.303,272.454592546041,272.4
55,5200,6394.58,965.832,-85.9797,272.500143626173,272.5
75,910,4929.48,1877.65,-127.364,272.554204622328,272.5
55,2224,6528.3,955.35,-88.5165,272.554227624348,272.5
110,2044,6661.05,2984.94,-82.0842,272.554227966337,272.5
100,454,4550.56,3011.4,-128.493,272.554250544968,272.5
75,2692,4929.5,1880.86,-126.748,272.554399624199,272.5
100,1336,4991.23,2577.15,-96.3051,272.554792155398,272.5
100,1336,4991.23,2577.4,-96.3483,272.600139473818,272.6
55,5200,6394.86,965.807,-85.9858,272.600143627438,272.6
100,454,4549.33,3011.48,-128.539,272.654224549074,272.6
110,2044,6661.31,2984.89,-82.076,272.6542409655,272.6
55,2224,6528.68,955.329,-88.5227,272.65425362562,272.6
75,910,4929.73,1877.65,-127.428,272.654395304108,272.6
75,2692,4929.75,1880.85,-126.81,272.654590404334,272.6
85,1852,6908.06,2345.84,-105.399,272.654594133569,272.6
55,5200,6395.16,965.781,-85.9922,272.700143628754,272.7
100,1336,4991.23,2577.66,-96.4009,272.700148185057,272.7
110,2044,6661.58,2984.85,-82.0674,272.754214964635,272.7
100,454,4548.09,3011.56,-128.584,272.754237553203,272.7
55,2224,6529.08,955.307,-88.5292,272.754240626949,272.7
75,2692,4930.01,1880.84,-126.877,272.754785500746,272.7
75,910,4930.01,1877.64,-127.499,272.754980572992,272.7
100,1336,4991.23,2577.94,-96.4597,272.800139377061,272.8
55,5200,6395.46,965.754,-85.9989,272.800143630123,272.8
55,2224,6529.5,955.285,-88.5359,272.854214628337,272.8
110,2044,6661.85,2984.8,-82.0586,272.854214963747,272.8
75,2692,4930.3,1880.83,-126.95,272.854215332442,272.8
100,454,4546.85,3011.63,-128.629,272.854263557314,272.8
75,910,4930.29,1877.63,-127.574,272.854983883573,272.8
85,1852,6908.87,2346.02,-85.7866,272.855374343037,272.8
55,5200,6395.78,965.725,-86.0058,272.900143631548,272.9
100,1336,4991.23,2578.23,-96.5264,272.900144631757,272.9
110,2044,6662.14,2984.75,-82.0496,272.954214962834,272.9
100,454,4545.61,3011.71,-128.674,272.954224561419,272.9
55,2224,6529.93,955.261,-88.5429,272.954253629762,272.9
85,1852,6909.3,2346.12,-85.7935,272.954298697806,272.9
75,2692,4930.6,1880.82,-127.029,272.954395291213,272.9
75,910,4930.61,1877.61,-127.657,272.954785505127,272.9
55,5200,6396.11,965.696,-86.013,273.000143633013,273.0
75,1108,4922.03,1877.91,-125.669,273.000144432588,273.0
55,2224,6530.37,955.237,-88.55,273.054214631237,273.0
100,454,4544.38,3011.79,-128.72,273.054237565533,273.0
110,2044,6662.43,2984.7,-82.0403,273.054240961898,273.0
100,1336,4991.23,2578.54,-96.6217,273.054589571956,273.0
75,2692,4930.93,1880.81,-127.114,273.054785514442,273.0
85,1852,6909.76,2346.22,-85.8008,273.054789142105,273.0
100,1336,4991.23,2578.86,-95.7771,273.100141883102,273.1
55,5200,6396.46,965.666,-86.0204,273.100143634522,273.1
100,454,4543.14,3011.87,-128.765,273.154224569651,273.1
110,2044,6662.73,2984.65,-82.0311,273.154240960929,273.1
55,2224,6530.82,955.212,-88.5574,273.154253632745,273.1
85,1852,6910.25,2346.33,-85.8085,273.154789144494,273.1
100,3964,4984.08,2562.75,-118.913,273.154982757647,273.1
55,5200,6396.81,965.635,-86.0281,273.200143636072,273.2
55,2224,6531.29,955.187,-88.5649,273.254214634297,273.2
100,454,4541.9,3011.95,-128.81,273.254224573769,273.2
110,2044,6663.04,2984.59,-82.0215,273.254227959921,273.2
75,2692,4931.63,1880.78,-127.3,273.254590456272,273.2
100,3964,4984.41,2562.74,-118.784,273.254592324246,273.2
75,910,4931.63,1877.58,-127.937,273.254785475799,273.2
85,1852,6910.75,2346.44,-85.8166,273.254987229452,273.2
100,1336,4991.23,2579.2,-95.7703,273.255161373879,273.2
100,1276,4984.27,2565.95,-118.822,273.255356524145,273.2
75,1108,4922.48,1877.9,-125.76,273.255357099524,273.2
100,1336,4991.23,2579.55,-95.7631,273.300141528312,273.3
55,5200,6397.18,965.603,-86.036,273.300143637655,273.3
100,454,4540.67,3012.03,-128.855,273.354224577868,273.3
55,2224,6531.77,955.16,-88.5727,273.354227635906,273.3
110,2044,6663.36,2984.54,-82.0116,273.354227958883,273.3
75,910,4932.01,1877.57,-128.043,273.354590514762,273.3
85,1852,6920.15,2337.85,-86.1711,273.354683034544,273.3
75,2692,4932.0,1880.77,-127.4,273.354785516605,273.3
100,3964,4984.75,2562.73,-115.046,273.354946623308,273.3
75,1108,4922.99,1877.88,-125.865,273.400137890013,273.4
55,5200,6397.56,965.569,-86.0442,273.400143639307,273.4
110,2044,6663.69,2984.48,-82.0014,273.45422795781,273.4
55,2224,6532.27,955.133,-88.5807,273.454240637554,273.4
100,454,4539.43,3012.11,-128.9,273.454263581988,273.4
85,1852,6920.11,2337.41,-86.1924,273.454696034373,273.4
100,1276,4984.95,2565.92,-96.7014,273.454986362861,273.4
45,574,4031.11,1117.91,-129.958,273.500140115561,273.5
55,5200,6397.95,965.535,-86.0526,273.50014364099,273.5
100,1336,4991.24,2580.29,-95.748,273.500148513126,273.5
55,2224,6532.77,955.106,-88.5888,273.554227639238,273.5
110,2044,6664.03,2984.42,-81.991,273.554240956717,273.5
100,454,4538.19,3012.19,-128.945,273.554263586106,273.5
85,1852,6920.07,2336.96,-86.1734,273.55429866907,273.5
45,574,4030.45,1117.95,-129.881,273.600140115162,273.6
55,5200,6398.34,965.5,-86.0611,273.600143642698,273.6
100,1336,4991.24,2580.68,-95.7401,273.60014860124,273.6
75,910,4933.25,1877.52,-128.403,273.654204616838,273.6
110,2044,6664.38,2984.36,-81.9803,273.654214955599,273.6
55,2224,6533.3,955.077,-88.5972,273.654227640978,273.6
100,454,4536.95,3012.27,-128.989,273.654250590224,273.6
75,2692,4933.2,1880.73,-127.734,273.654399618709,273.6
85,1852,6920.03,2336.49,-86.1298,273.654500879403,273.6
45,574,4029.79,1117.99,-129.805,273.700140114764,273.7
55,5200,6398.75,965.464,-86.0699,273.700143644471,273.7
100,1336,4991.24,2581.09,-95.7317,273.700147325769,273.7
75,910,4933.71,1877.51,-128.542,273.754204616187,273.7
110,2044,6664.73,2984.3,-81.9692,273.754214954445,273.7
100,454,4535.71,3012.35,-129.034,273.754237594348,273.7
55,2224,6533.83,955.048,-88.6058,273.754240642761,273.7
85,1852,6919.99,2336.02,-86.0459,273.754695830071,273.7
75,3670,4923.96,1881.05,-125.493,273.754983620421,273.7
75,1108,4923.89,1877.85,-126.054,273.755373840488,273.7
45,574,4029.11,1118.03,-129.728,273.80014011437,273.8
55,5200,6399.17,965.427,-86.079,273.800143646293,273.8
100,1336,4991.24,2581.51,-95.7231,273.800149232887,273.8
55,2224,6534.39,955.018,-88.6147,273.854214644599,273.8
110,2044,6665.1,2984.23,-81.9574,273.854240953252,273.8
100,454,4534.47,3012.42,-129.079,273.854250598467,273.8
85,1852,6919.94,2335.52,-85.9983,273.854500873146,273.8
45,574,4028.41,1118.07,-129.651,273.90014011398,273.9
100,1336,4991.24,2581.94,-95.7142,273.900140750028,273.9
55,5200,6399.61,965.388,-86.0883,273.900143648175,273.9
55,2224,6534.95,954.987,-88.6238,273.954227646482,273.9
110,2044,6665.48,2984.16,-81.9451,273.954240952022,273.9
100,454,4533.23,3012.5,-129.124,273.954263602595,273.9
75,2692,4934.56,1880.68,-128.13,273.954393647882,273.9
75,1108,4924.59,1877.82,-126.203,273.954978832857,273.9
85,1852,6919.9,2335.01,-85.9404,273.955377067664,273.9
45,574,4027.71,1118.11,-129.575,274.000140113594,274.0
100,1336,4991.24,2582.4,-95.7049,274.000142259432,274.0
55,5200,6400.05,965.349,-86.0979,274.000143650096,274.0
55,2224,6535.53,954.956,-88.633,274.054214648398,274.0
110,2044,6665.87,2984.1,-81.9324,274.05422795076,274.0
100,454,4531.99,3012.58,-129.169,274.054250606726,274.0
75,3898,4968.22,1879.73,-128.596,274.054793155012,274.0
85,1852,6919.85,2334.49,-84.9117,274.055377276134,274.0
45,574,4026.98,1118.16,-129.498,274.100140113211,274.1
55,5200,6400.51,965.309,-86.1077,274.100143652047,274.1
100,1336,4991.24,2582.86,-95.6955,274.100148607861,274.1
75,2692,4935.54,1880.65,-128.433,274.15420232481,274.1
55,2224,6536.12,954.923,-88.6425,274.154214650364,274.1
110,2044,6666.27,2984.03,-81.9195,274.154227949474,274.1
100,454,4530.75,3012.66,-129.213,274.154263610838,274.1
75,3898,4968.95,1879.71,-129.463,274.154397400318,274.1
75,3670,4925.38,1881.0,-125.796,274.15498261883,274.1
45,574,4026.23,1118.2,-129.421,274.200140112831,274.2
55,5200,6400.97,965.268,-86.1176,274.200143654035,274.2
110,2044,6666.68,2983.95,-81.9063,274.254214948159,274.2
55,2224,6536.73,954.89,-88.6522,274.25422765239,274.2
100,454,4529.51,3012.74,-129.258,274.254250614971,274.2
75,3670,4925.78,1880.99,-125.882,274.254788638743,274.2
100,1336,4991.24,2583.33,-95.6857,274.255362752815,274.2
85,1852,6919.75,2333.39,-84.8836,274.255377331533,274.2
45,574,4025.47,1118.24,-129.344,274.300140112458,274.3
55,5200,6401.45,965.226,-86.1277,274.300143656084,274.3
55,2224,6537.35,954.856,-88.6622,274.354214654467,274.3
110,2044,6667.1,2983.88,-81.8927,274.354214946807,274.3
100,454,4528.27,3012.82,-129.303,274.354237619084,274.3
75,2692,4936.59,1880.61,-128.773,274.354980761852,274.3
45,574,4024.69,1118.29,-129.268,274.400140112093,274.4
100,1336,4991.24,2584.31,-95.6655,274.400140601376,274.4
55,5200,6401.93,965.184,-86.1381,274.400143658202,274.4
110,2044,6667.53,2983.81,-81.8787,274.454214945416,274.4
100,454,4527.03,3012.9,-129.347,274.454237623191,274.4
55,2224,6537.99,954.821,-88.6724,274.454240656603,274.4
85,1852,6919.65,2332.24,-84.8539,274.45429865343,274.4
75,2692,4937.14,1880.59,-128.956,274.454398662421,274.4
45,574,4023.89,1118.34,-129.192,274.500140111734,274.5
55,5200,6402.43,965.14,-86.1487,274.500143660382,274.5
110,2044,6667.97,2983.73,-81.8643,274.554214943997,274.5
55,2224,6538.65,954.785,-88.6829,274.554227658796,274.5
100,454,4525.8,3012.98,-129.391,274.554263627301,274.5
85,1852,6919.6,2331.64,-84.8385,274.554682960196,274.5
100,1336,4991.24,2584.82,-95.655,274.554985791936,274.5
100,6130,4984.51,2576.94,-118.394,274.555180853306,274.5
45,574,4023.07,1118.38,-129.116,274.600140111383,274.6
55,5200,6402.94,965.094,-86.1596,274.600143662618,274.6
100,1336,4991.24,2585.35,-95.6442,274.600147769479,274.6
110,2044,6668.42,2983.65,-81.8497,274.654227942546,274.6
55,2224,6539.32,954.748,-88.6935,274.654240661026,274.6
100,454,4524.56,3013.06,-129.436,274.654263631417,274.6
85,1852,6919.55,2331.03,-84.8226,274.654700638138,274.6
75,3670,4927.52,1880.93,-126.272,274.654982952497,274.6
45,574,4022.23,1118.43,-129.041,274.70014011104,274.7
55,5200,6403.47,965.048,-86.1708,274.700143664891,274.7
100,1336,4991.24,2585.89,-95.633,274.700148815029,274.7
110,2044,6668.88,2983.57,-81.8346,274.754214941057,274.7
55,2224,6540.01,954.711,-88.7045,274.75422766331,274.7
100,454,4523.33,3013.14,-129.48,274.754237635518,274.7
85,1852,6919.49,2330.41,-84.8065,274.754285647347,274.7
85,4786,6908.37,2345.91,-85.7788,274.754480760676,274.7
45,574,4021.37,1118.48,-128.968,274.800140110711,274.8
100,1336,4991.24,2586.44,-95.6215,274.800141037993,274.8
55,5200,6404.0,965.001,-86.1822,274.800143667204,274.8
110,2044,6669.35,2983.48,-81.8191,274.854201939529,274.8
100,454,4522.09,3013.21,-129.524,274.854224639614,274.8
55,2224,6540.71,954.673,-88.7155,274.854240665634,274.8
85,4786,6908.98,2346.04,-85.7883,274.855333165558,274.8
45,574,4020.5,1118.53,-128.895,274.900140110395,274.9
55,5200,6404.55,964.953,-86.1938,274.900143669559,274.9
110,2044,6669.84,2983.4,-81.8032,274.954214937974,274.9
100,454,4520.86,3013.29,-129.568,274.954224643716,274.9
55,2224,6541.42,954.634,-88.7268,274.954253667994,274.9
100,1336,4991.25,2587.01,-95.6098,274.954984920207,274.9
45,574,4019.62,1118.59,-128.825,275.000140110094,275.0
55,5200,6405.11,964.904,-86.2056,275.000143671963,275.0
100,1336,4991.25,2587.59,-95.5976,275.000147672762,275.0
110,2044,6670.33,2983.31,-81.7869,275.054214936383,275.0
55,2224,6542.14,954.595,-88.7382,275.054240670396,275.0
100,454,4519.63,3013.37,-129.612,275.054263647823,275.0
85,4786,6910.25,2346.33,-85.8085,275.054613749685,275.0
75,3670,4929.52,1880.86,-126.752,275.054980588827,275.0
45,574,4018.72,1118.64,-128.755,275.100140109808,275.1
55,5200,6405.68,964.853,-86.2177,275.100143674404,275.1
55,2224,6542.87,954.555,-88.7498,275.154227672839,275.1
110,2044,6670.83,2983.23,-81.7703,275.15424093477,275.1
85,1852,6919.26,2327.77,-84.7379,275.1545138295,275.1
45,574,4017.8,1118.69,-128.688,275.200140109539,275.2
55,5200,6406.26,964.802,-86.2301,275.200143676886,275.2
55,2224,6543.62,954.514,-88.7616,275.254214675334,275.2
110,2044,6671.34,2983.14,-81.7535,275.254227933133,275.2
85,1852,6919.2,2327.09,-84.7199,275.254487827332,275.2
45,574,4016.88,1118.75,-128.625,275.300140109288,275.3
55,5200,6406.86,964.749,-86.2426,275.300143679408,275.3
55,2224,6544.38,954.472,-88.7736,275.354227677859,275.3
110,2044,6671.86,2983.05,-81.7363,275.354240931458,275.3
85,1852,6919.14,2326.38,-84.7015,275.355181549994,275.3
45,574,4015.93,1118.8,-128.566,275.400140109057,275.4
55,5200,6407.46,964.696,-86.2553,275.400143681958,275.4
55,2224,6545.16,954.43,-88.7858,275.454240680436,275.4
110,2044,6672.39,2982.95,-81.7187,275.454240929745,275.4
105,1888,5441.1,3071.57,-120.726,275.454338104958,275.4
85,1852,6919.07,2325.67,-84.6827,275.454500824274,275.4
45,574,4014.98,1118.86,-128.509,275.500140108845,275.5
55,5200,6418.04,963.8,-86.4757,275.500143717751,275.5
55,2224,6545.94,954.387,-88.7982,275.554240683063,275.5
110,2044,6672.93,2982.86,-81.7007,275.554240927995,275.5
85,1852,6919.01,2324.93,-84.6634,275.554695975285,275.5
75,316,4921.7,1877.93,-125.602,275.554789072848,275.5
105,1888,5439.7,3073.15,-120.086,275.554791000754,275.5
75,3652,4967.65,1879.74,-127.956,275.554983765171,275.5
45,574,4014.0,1118.92,-128.454,275.600140108654,275.6
55,5200,6419.03,963.72,-86.4964,275.600143688263,275.6
110,2044,6673.49,2982.76,-81.6824,275.654201926216,275.6
55,2224,6546.75,954.343,-88.8108,275.654240685727,275.6
105,1888,5438.32,3074.72,-117.582,275.654325115472,275.6
75,3652,4968.48,1879.72,-128.901,275.654588742823,275.6
85,1852,6918.95,2324.19,-84.6437,275.654801208852,275.6
45,574,4013.01,1118.97,-128.402,275.700140108486,275.7
55,5200,6420.04,963.638,-86.5175,275.700143690968,275.7
55,2224,6547.56,954.299,-88.8236,275.754240688442,275.7
110,2044,6674.04,2982.66,-81.6638,275.754240924416,275.7
85,1852,6918.88,2323.43,-84.6237,275.754487821938,275.7
75,316,4922.78,1877.89,-125.822,275.754789178196,275.7
105,1888,5436.93,3076.3,-114.83,275.754789263947,275.7
75,3670,4933.72,1880.71,-127.884,275.755374507537,275.7
45,574,4012.01,1119.03,-128.353,275.800140108342,275.8
55,5200,6421.07,963.554,-86.5388,275.800143693733,275.8
110,2044,6674.62,2982.56,-81.6448,275.854201922578,275.8
55,2224,6548.39,954.254,-88.8365,275.854240691188,275.8
75,316,4923.35,1877.87,-125.94,275.854395354623,275.8
105,1888,5435.54,3077.88,-112.149,275.854984251408,275.8
85,1852,6918.81,2322.67,-84.6034,275.854984301156,275.8
45,574,4010.99,1119.09,-128.307,275.900140108221,275.9
55,5200,6422.11,963.47,-86.5626,275.900143696522,275.9
55,2224,6549.23,954.208,-88.8496,275.954214693989,275.9
110,2044,6675.2,2982.46,-81.6254,275.954214920706,275.9
85,1852,6918.74,2321.89,-84.5826,275.954285619102,275.9
105,1888,5434.15,3079.45,-109.544,275.954802010681,275.9
75,316,4923.94,1877.85,-126.065,275.954981657638,275.9
75,1108,4935.7,1877.44,-129.17,275.955372009373,275.9
45,574,4009.95,1119.15,-128.266,276.000140108126,276.0
55,5200,6423.16,963.384,-86.584,276.000143699362,276.0
55,2224,6550.08,954.161,-88.8629,276.054214696829,276.0
110,2044,6675.79,2982.36,-81.6057,276.054214918811,276.0
85,1852,6918.67,2321.1,-84.5615,276.054285616473,276.0
105,1888,5432.77,3081.03,-117.176,276.054312136626,276.0
45,574,4008.89,1119.22,-128.23,276.100140108059,276.1
55,5200,6424.23,963.297,-86.6057,276.100143702244,276.1
110,2044,6676.38,2982.25,-81.5857,276.154227916888,276.1
55,2224,6550.95,954.114,-88.8765,276.154253699719,276.1
105,1888,5431.38,3082.6,-122.925,276.154338141952,276.1
75,316,4925.16,1877.8,-126.328,276.154406666869,276.1
85,1852,6918.6,2320.29,-84.5399,276.154513820646,276.1
45,574,4007.8,1119.28,-128.198,276.20014010802,276.2
55,5200,6425.32,963.209,-86.6277,276.200143705184,276.2
55,2224,6551.83,954.066,-88.8902,276.254214702648,276.2
110,2044,6676.99,2982.15,-81.5652,276.254214914934,276.2
85,1852,6918.53,2319.46,-84.5178,276.254311611051,276.2
105,1888,5429.98,3084.18,-123.33,276.254527812357,276.2
75,316,4925.8,1877.78,-126.47,276.254783914492,276.2
45,574,4006.7,1119.34,-128.173,276.300140108013,276.3
55,5200,6426.42,963.12,-86.6499,276.300143708142,276.3
55,2224,6552.73,954.017,-88.9041,276.354227705631,276.3
110,2044,6677.61,2982.04,-81.5445,276.354227912947,276.3
85,1852,6918.46,2318.62,-84.4952,276.354285608258,276.3
105,1888,5428.59,3085.76,-123.729,276.354312152634,276.3
75,5608,4926.01,1880.98,-125.932,276.35460189994,276.3
45,574,4005.59,1119.41,-128.165,276.400140108038,276.4
55,5200,6427.53,963.029,-86.6722,276.400143711157,276.4
110,2044,6678.24,2981.93,-81.5232,276.454227910923,276.4
105,1888,5427.2,3087.34,-124.126,276.454436923863,276.4
85,1852,6918.38,2317.76,-84.4721,276.45450082019,276.4
45,574,4004.46,1119.48,-128.161,276.500140108096,276.5
110,2044,6678.88,2981.81,-81.5016,276.554214908865,276.5
105,1888,5425.82,3088.91,-124.517,276.554611056514,276.5
85,1852,6918.31,2316.89,-84.4486,276.554695773832,276.5
45,574,4003.32,1119.54,-128.161,276.600140108189,276.6
110,2044,6679.53,2981.7,-81.4797,276.654214906788,276.6
85,1852,6918.23,2316.0,-84.4245,276.654500820004,276.6
75,316,4928.49,1877.69,-127.11,276.654802898352,276.6
105,1888,5424.43,3090.49,-124.904,276.654979614349,276.6
45,574,4002.16,1119.61,-128.167,276.700140108318,276.7
110,2044,6680.18,2981.59,-81.4575,276.754201904688,276.7
85,1852,6918.15,2315.09,-84.4,276.754285596574,276.7
105,1888,5423.04,3092.07,-125.288,276.754338174094,276.7
105,4096,5451.41,3064.61,-123.283,276.754611053046,276.7
75,910,4965.87,1876.58,-127.15,276.754978961521,276.7
45,574,4000.99,1119.68,-128.177,276.800140108484,276.8
110,2044,6680.85,2981.47,-81.4349,276.854227902549,276.8
105,1888,5421.65,3093.65,-125.668,276.8543251795,276.8
85,1852,6918.07,2314.17,-84.375,276.854513819878,276.8
105,4096,5443.7,3073.45,-118.618,276.854520196911,276.8
75,316,4929.93,1877.64,-127.479,276.854978875792,276.8
45,574,3999.81,1119.75,-128.196,276.900140108689,276.9
110,2044,6681.53,2981.35,-81.4118,276.954227900376,276.9
105,4096,5442.21,3075.15,-115.599,276.954332632831,276.9
85,1852,6917.99,2313.23,-84.3495,276.954487819831,276.9
105,1888,5420.26,3095.23,-126.043,276.954527814123,276.9
45,574,3998.61,1119.82,-128.233,277.000140108933,277.0
110,2044,6682.22,2981.23,-81.3883,277.054240898168,277.0
85,1852,6917.9,2312.29,-84.3236,277.054298587292,277.0
105,1888,5418.87,3096.8,-126.414,277.054312190333,277.0
105,4096,5440.71,3076.85,-112.677,277.054533207224,277.0
45,574,3997.4,1119.89,-128.277,277.100140109217,277.1
110,2044,6682.91,2981.11,-81.3645,277.154214895941,277.1
85,1852,6917.82,2311.33,-84.2974,277.154474819764,277.1
105,4096,5439.21,3078.56,-109.82,277.154789124821,277.1
105,1888,5417.48,3098.38,-126.78,277.154984304421,277.1
110,2044,6692.06,2979.68,-81.0259,277.254201866643,277.2
105,4096,5437.71,3080.25,-116.563,277.254424966555,277.2
85,1852,6917.73,2310.36,-84.2707,277.25468619289,277.2
105,1888,5416.09,3099.95,-127.142,277.254815324719,277.2
110,2044,6693.49,2979.56,-80.9549,277.354227862018,277.3
105,1888,5414.7,3101.53,-127.501,277.354325206626,277.3
85,1852,6917.65,2309.37,-84.2434,277.354487819725,277.3
105,4096,5436.22,3081.96,-122.868,277.354533222742,277.3
110,2044,6694.95,2979.43,-80.8852,277.454227857345,277.4
85,1852,6916.72,2298.77,-83.9456,277.45432454254,277.4
105,1888,5413.31,3103.11,-127.856,277.454351212076,277.4
105,4096,5434.71,3083.66,-123.308,277.454546227935,277.4
75,5608,4934.12,1880.7,-127.999,277.454979168302,277.4
110,2044,6696.42,2979.3,-80.7257,277.554240852606,277.5
105,1888,5411.92,3104.69,-128.21,277.554325217548,277.5
105,4096,5433.22,3085.36,-123.741,277.554520233162,277.5
85,1852,6916.64,2297.88,-83.9201,277.554526819801,277.5
75,3160,4922.76,1877.89,-125.817,277.55478925683,277.5
110,2044,6697.92,2979.17,-80.6717,277.654227847798,277.6
85,1852,6916.56,2296.98,-83.8941,277.65453981982,277.6
105,1888,5410.53,3106.27,-128.562,277.654789254108,277.6
105,4096,5431.72,3087.06,-124.171,277.65498426948,277.6
110,2044,6699.43,2979.03,-80.6169,277.754227842947,277.7
105,4096,5430.22,3088.76,-124.595,277.754332678773,277.7
105,1888,5409.14,3107.84,-128.909,277.754540853351,277.7
85,1852,6916.48,2296.06,-83.8677,277.75455281984,277.7
110,2044,6700.96,2978.9,-80.5611,277.854201838037,277.8
85,1852,6916.4,2295.13,-83.8412,277.854285530492,277.8
105,4096,5428.72,3090.46,-125.015,277.854398958131,277.8
105,1888,5407.75,3109.42,-129.253,277.854594131852,277.8
110,2044,6702.51,2978.76,-80.5044,277.954240833078,277.9
105,1888,5406.36,3111.0,-129.594,277.954312239525,277.9
105,4096,5427.23,3092.16,-125.429,277.954520254188,277.9
75,5326,4925.31,1881.0,-125.779,277.954590502613,277.9
85,1852,6916.32,2294.2,-83.814,277.95460000398,277.9
110,2044,6704.07,2978.63,-80.4467,278.054227828072,278.0
105,4096,5425.73,3093.86,-125.838,278.054319696197,278.0
105,1888,5404.97,3112.58,-129.93,278.054514868273,278.0
75,5326,4926.11,1880.98,-125.954,278.054980598075,278.0
110,2044,6705.65,2978.49,-80.3882,278.154214823018,278.1
105,4096,5424.23,3095.56,-126.243,278.15452026474,278.1
110,2044,6707.25,2978.35,-80.3287,278.254240817916,278.2
105,4096,5422.73,3097.26,-126.643,278.254520270029,278.2
105,3082,5451.55,3064.46,-123.347,278.300141842386,278.3
110,2044,6708.86,2978.2,-80.2681,278.354214812756,278.3
85,1852,6915.98,2290.32,-83.7009,278.354443850105,278.3
105,4096,5421.24,3098.96,-127.038,278.354546275362,278.3
110,2044,6710.49,2978.06,-80.2066,278.454227807553,278.4
105,4096,5419.74,3100.66,-127.428,278.454319719607,278.4
85,1852,6915.89,2289.32,-83.6715,278.45441784813,278.4
105,3082,5443.77,3073.37,-118.762,278.454527748181,278.4
75,3670,4968.09,1879.73,-128.453,278.454982807893,278.4
105,3082,5442.21,3075.15,-115.605,278.500150191209,278.5
110,2044,6712.14,2977.92,-80.144,278.554214802292,278.5
85,1852,6915.8,2288.31,-83.6416,278.554430846187,278.5
105,4096,5418.24,3102.36,-127.814,278.554606310681,278.5
105,3082,5440.65,3076.92,-112.558,278.60014537263,278.6
110,2044,6713.8,2977.77,-80.0805,278.654214796995,278.6
85,1852,6915.71,2287.29,-83.6114,278.654513820081,278.6
105,4096,5416.74,3104.07,-128.199,278.654546291376,278.6
75,5326,4931.25,1880.8,-127.201,278.654787703957,278.6
105,3082,5439.09,3078.69,-109.592,278.700139063631,278.7
110,2044,6715.49,2977.62,-80.0158,278.754227791633,278.7
85,1852,6915.62,2286.26,-83.5808,278.754298501135,278.7
75,3160,4932.82,1877.54,-128.276,278.754980610851,278.7
105,4096,5415.24,3105.77,-128.58,278.754984213925,278.7
105,3082,5437.52,3080.47,-118.115,278.800146756854,278.8
110,2044,6717.18,2977.47,-79.9501,278.854214786232,278.8
75,5326,4932.98,1880.74,-127.671,278.854399794672,278.8
85,1852,6915.53,2285.21,-83.5497,278.854513820148,278.8
75,3160,4933.78,1877.5,-128.563,278.854984990755,278.8
105,3082,5435.97,3082.24,-122.941,278.900150195646,278.9
110,2044,6718.9,2977.32,-79.8833,278.954214780772,278.9
75,5326,4933.85,1880.71,-127.92,278.954406795587,278.9
85,1852,6915.43,2284.16,-83.5182,278.954500765685,278.9
105,4096,5412.25,3109.16,-129.327,278.954801151771,278.9
105,3082,5434.41,3084.0,-123.396,279.000145184962,279.0
110,2044,6720.63,2977.17,-79.8154,279.05420177527,279.0
75,5326,4934.73,1880.67,-128.185,279.054399794334,279.0
85,1852,6915.34,2283.1,-83.4862,279.05451382022,279.0
105,4096,5410.75,3110.86,-129.696,279.054533312774,279.0
105,3082,5432.86,3085.77,-123.844,279.100139186539,279.1
110,2044,6722.39,2977.01,-79.7463,279.154214769704,279.1
85,1852,6914.4,2272.29,-83.1549,279.154324454993,279.1
105,3082,5431.3,3087.53,-124.289,279.200150448433,279.2
110,2044,6724.15,2976.86,-79.6761,279.254214764104,279.2
85,1852,6914.29,2271.06,-83.1163,279.25465201093,279.2
105,3082,5429.75,3089.3,-124.729,279.300146356865,279.3
110,5530,6448.67,2981.63,-109.428,279.300150784217,279.3
110,2044,6725.93,2976.7,-79.6049,279.354214758461,279.3
75,5326,4937.31,1880.59,-129.014,279.354397502199,279.3
85,1852,6914.18,2269.81,-83.0771,279.354500820734,279.3
105,3082,5428.2,3091.06,-125.162,279.400146473439,279.4
110,5530,6450.26,2982.17,-108.486,279.400150810229,279.4
110,2044,6727.74,2976.58,-79.5166,279.45422775273,279.4
85,1852,6914.07,2268.56,-83.0375,279.454487820788,279.4
75,298,4924.36,1881.04,-125.576,279.454793423361,279.4
105,3082,5426.64,3092.82,-125.589,279.500142642254,279.5
110,5530,6451.86,2982.71,-107.509,279.50015080467,279.5
110,2044,6729.58,2976.61,-79.3526,279.554240746846,279.5
85,1852,6913.96,2267.28,-82.9972,279.554298438464,279.5
75,316,4966.13,1876.57,-127.415,279.554395287974,279.5
75,298,4925.14,1881.01,-125.743,279.554590465229,279.5
105,3082,5425.09,3094.58,-126.011,279.600149539077,279.6
110,5530,6453.48,2983.25,-106.563,279.600150799076,279.6
110,2044,6731.44,2976.64,-79.1919,279.654240740893,279.6
85,1852,6913.84,2265.99,-82.9561,279.6545138209,279.6
105,3082,5423.54,3096.35,-126.429,279.70015046329,279.7
110,5530,6455.12,2983.81,-105.612,279.700150793411,279.7
110,2044,6733.31,2976.67,-79.0774,279.754214734898,279.7
85,1852,6913.73,2264.69,-82.9143,279.754324429895,279.7
105,3082,5421.98,3098.11,-126.841,279.800145989343,279.8
110,5530,6456.78,2984.36,-87.3142,279.800150787701,279.8
110,2044,6735.2,2976.7,-78.9922,279.854201728851,279.8
85,1852,6913.61,2263.36,-82.8717,279.854298425526,279.8
75,298,4927.48,1880.93,-126.262,279.854406818175,279.8
105,3082,5420.43,3099.87,-127.248,279.900149389516,279.9
110,5530,6458.45,2984.93,-87.2832,279.900150781958,279.9
110,2044,6737.11,2976.73,-78.9055,279.954240722748,279.9
85,1852,6913.5,2262.03,-82.8285,279.95429842112,279.9
105,3082,5418.89,3101.63,-127.649,280.000142260725,280.0
110,5530,6460.15,2985.5,-87.2518,280.000150776119,280.0
110,2044,6739.04,2976.76,-78.8173,280.054227716604,280.0
85,1852,6913.38,2260.68,-82.7846,280.054285416662,280.0
75,5608,4968.01,1879.73,-128.363,280.055374454988,280.0
110,5530,6461.85,2986.07,-87.22,280.100150770274,280.1
110,2044,6740.98,2976.79,-78.7276,280.154201710418,280.1
75,298,4929.82,1880.85,-126.826,280.154393834864,280.1
85,1852,6913.26,2259.31,-82.7402,280.154474821208,280.1
110,5530,6463.57,2986.65,-87.1879,280.200150764355,280.2
110,2044,6742.94,2976.83,-78.6362,280.254214704177,280.2
85,1852,6913.14,2257.93,-82.6949,280.254311407613,280.2
110,5530,6465.32,2987.23,-87.1485,280.300150758343,280.3
110,2044,6744.91,2976.86,-78.5434,280.354214697902,280.3
110,5530,6467.1,2987.75,-87.078,280.40015075224,280.4
110,2044,6746.9,2976.89,-78.4486,280.454201691565,280.4
85,1852,6912.89,2255.12,-82.6021,280.45429839835,280.4
75,298,4932.13,1880.77,-127.435,280.454408458614,280.4
110,5530,6468.9,2988.28,-87.0066,280.500150746077,280.5
110,2044,6748.92,2976.93,-78.3518,280.554240685163,280.5
85,1852,6912.77,2253.69,-82.5545,280.554474821483,280.5
110,5530,6470.71,2988.82,-86.9643,280.600150739876,280.6
110,2044,6750.95,2976.96,-78.2534,280.654227678725,280.6
75,298,4933.68,1880.71,-127.87,280.654393863477,280.6
85,1852,6912.64,2252.25,-82.5062,280.654513821557,280.6
110,5530,6472.54,2989.35,-86.929,280.700150733596,280.7
110,2044,6753.0,2976.99,-78.1531,280.754240672232,280.7
85,1852,6912.51,2250.79,-82.4572,280.75431138409,280.7
75,298,4934.46,1880.68,-128.102,280.754793431588,280.7
110,5530,6474.38,2989.9,-86.8936,280.800150727284,280.8
110,2044,6755.08,2977.03,-78.0506,280.854240665675,280.8
85,1852,6912.39,2249.32,-82.4074,280.854285379249,280.8
110,5530,6476.24,2990.44,-86.8578,280.900150720908,280.9
110,2044,6757.17,2977.06,-77.9463,280.954201659075,280.9
85,1852,6912.26,2247.84,-82.3571,280.954311374378,280.9
75,298,4936.05,1880.63,-128.596,280.954979176267,280.9
110,5530,6478.11,2991.0,-86.8215,281.000150714482,281.0
110,2044,6759.27,2977.25,-77.7732,281.054227652396,281.0
75,298,4936.86,1880.6,-128.862,281.054397551309,281.0
110,5530,6480.01,2991.55,-86.7847,281.10015070801,281.1
110,2044,6761.38,2977.48,-77.5998,281.154227645649,281.1
85,1852,6911.18,2235.53,-81.9265,281.154324333863,281.1
110,5530,6481.92,2992.12,-86.7474,281.200145496348,281.2
110,2044,6763.51,2977.72,-77.4692,281.254201638857,281.2
85,1852,6911.06,2234.17,-81.878,281.254324329421,281.2
75,3160,4967.99,1876.53,-129.432,281.254393977324,281.2
110,5530,6483.85,2992.62,-86.6772,281.300150694935,281.3
110,2044,6765.65,2977.96,-77.3483,281.354240632028,281.3
85,1852,6910.94,2232.81,-81.8288,281.354298324931,281.3
110,5530,6485.83,2993.03,-86.5592,281.400150688198,281.4
110,2044,6767.82,2978.2,-77.2246,281.454214625133,281.4
85,1852,6910.82,2231.43,-81.7789,281.454311320411,281.4
110,5530,6487.83,2993.44,-86.4543,281.500150681356,281.5
110,2044,6770.01,2978.44,-77.0983,281.554214618193,281.5
85,1852,6910.7,2230.04,-81.7283,281.554298315858,281.5
110,5530,6489.83,2993.86,-86.4136,281.600145472849,281.6
110,2044,6772.21,2978.68,-76.9691,281.654201611198,281.6
85,1852,6910.58,2228.65,-81.6771,281.654324311273,281.6
110,2044,6774.44,2978.93,-76.837,281.754201604148,281.7
85,1852,6910.46,2227.24,-81.6252,281.754285306657,281.7
110,5530,6491.86,2994.28,-86.3724,281.754572667318,281.7
75,5326,4967.54,1879.74,-127.845,281.755183505772,281.7
110,5530,6493.9,2994.7,-86.3307,281.800139116845,281.8
110,2044,6776.69,2979.18,-76.7022,281.854227597068,281.8
85,1852,6910.33,2225.82,-81.5726,281.854298302007,281.8
75,5326,4968.34,1879.72,-128.735,281.854590355183,281.8
110,5530,6495.97,2995.13,-86.2883,281.900142848794,281.9
110,2044,6778.95,2979.43,-76.5645,281.954201589947,281.9
85,1852,6910.21,2224.4,-81.5193,281.954311297326,281.9
75,5326,4969.15,1879.7,-129.711,281.954394002305,281.9
110,5530,6498.05,2995.53,-86.2302,282.000138535635,282.0
110,2044,6781.22,2979.68,-76.4244,282.054240582811,282.0
85,1852,6910.08,2222.96,-81.4651,282.054285292596,282.0
110,2044,6783.45,2979.93,-76.285,282.154240575825,282.1
85,1852,6909.95,2221.51,-81.4103,282.154311287839,282.1
110,5530,6500.16,2995.85,-86.1457,282.15445044237,282.1
110,5530,6502.29,2996.17,-86.0775,282.200145435303,282.2
110,2044,6785.63,2980.17,-76.1464,282.254240568989,282.2
85,1852,6909.83,2220.04,-81.3547,282.254285283045,282.2
110,5530,6504.44,2996.49,-86.0312,282.300150624427,282.3
110,2044,6815.89,2983.39,-74.0431,282.354240476706,282.3
85,1852,6909.7,2218.56,-81.2982,282.354311278202,282.3
110,5530,6506.6,2996.82,-85.9845,282.400138563552,282.4
110,2044,6817.82,2983.49,-73.9127,282.454240471091,282.4
85,1852,6909.57,2217.08,-81.2409,282.454311273327,282.4
110,5530,6508.78,2997.15,-85.9372,282.500143313873,282.5
110,2044,6819.75,2983.59,-73.8742,282.554214465479,282.5
85,1852,6909.43,2215.58,-81.1828,282.554285268415,282.5
110,5530,6510.97,2997.48,-85.8893,282.600142840573,282.6
110,2044,6821.68,2983.68,-73.7346,282.654201459919,282.6
85,1852,6909.3,2214.07,-81.1239,282.654285263466,282.6
110,5530,6513.2,2997.68,-85.809,282.700144823992,282.7
110,2044,6823.61,2983.78,-73.5939,282.754240454389,282.7
85,1852,6909.17,2212.55,-81.0642,282.754324258489,282.7
110,5530,6515.45,2997.81,-85.7288,282.800148314383,282.8
110,2044,6825.53,2983.88,-73.4525,282.854214448909,282.8
85,1852,6909.03,2211.01,-81.0036,282.854324253465,282.8
110,2044,6827.46,2983.98,-73.3097,282.954240443445,282.9
85,1852,6908.9,2209.46,-80.942,282.954324248398,282.9
110,5530,6517.72,2997.94,-85.6769,282.95445047196,282.9
110,2044,6829.4,2984.07,-73.166,283.05422743802,283.0
85,1852,6908.76,2207.9,-80.8796,283.054298243302,283.0
110,5530,6520.0,2998.07,-85.6254,283.054424463217,283.0
110,5530,6522.3,2998.2,-85.5732,283.1001454556,283.1
110,2044,6831.33,2984.17,-73.022,283.154240432645,283.1
85,1852,6908.62,2206.33,-80.8162,283.154324238163,283.1
110,5530,6524.62,2998.34,-85.5203,283.200150042991,283.2
110,2044,6833.26,2984.27,-72.8778,283.254201427309,283.2
85,1852,6908.49,2204.75,-80.7522,283.25431123301,283.2
120,2890,4086.04,3964.73,-116.695,283.25432480005,283.2
110,5530,6526.96,2998.39,-85.4657,283.300150498181,283.3
110,2044,6835.19,2984.37,-72.7337,283.354227422038,283.3
120,2890,4084.69,3962.74,-116.438,283.354298798649,283.3
85,1852,6908.35,2203.18,-80.6877,283.354324227857,283.3
75,298,4966.25,1879.77,-126.524,283.354980424771,283.3
110,5530,6529.31,2998.43,-85.4103,283.400145428539,283.4
110,2044,6837.12,2984.46,-72.5889,283.454214416803,283.4
120,2890,4083.37,3960.71,-116.21,283.454298797561,283.4
85,1852,6905.56,2169.46,-79.1868,283.454324118287,283.4
120,2914,4082.41,3965.1,-115.142,283.454506804576,283.4
75,298,4967.04,1879.76,-127.315,283.454980441732,283.4
110,5530,6531.68,2998.48,-85.3553,283.500141843206,283.5
110,2044,6839.05,2984.56,-72.4447,283.554240411642,283.5
85,1852,6905.44,2168.02,-79.1172,283.554285113649,283.5
120,2914,4079.74,3961.0,-114.709,283.600142949232,283.6
110,2044,6840.98,2984.66,-72.3007,283.654214406537,283.6
120,2890,4080.69,3956.6,-115.926,283.654298795939,283.6
110,5530,6534.07,2998.52,-85.2996,283.654411408326,283.6
110,5530,6536.48,2998.57,-85.243,283.700138708507,283.7
110,2044,6842.9,2984.76,-72.1523,283.7542144015,283.7
85,1852,6905.19,2165.15,-78.9793,283.754285104383,283.7
120,2890,4079.33,3954.52,-115.837,283.754681948876,283.7
120,2914,4078.39,3958.93,-114.574,283.75488995513,283.7
120,2914,4077.03,3956.85,-114.472,283.80014295453,283.8
110,5530,6538.91,2998.61,-85.1856,283.800150455957,283.8
110,2044,6844.82,2985.04,-71.9048,283.854240396434,283.8
120,2890,4077.97,3952.43,-115.777,283.854499944654,283.8
110,5530,6541.35,2998.66,-85.1275,283.900144808694,283.9
110,2044,6846.73,2985.32,-71.664,283.954240391447,283.9
85,1852,6904.94,2162.28,-78.8364,283.954324095117,283.9
120,2890,4076.6,3950.32,-115.747,283.954499945555,283.9
120,2914,4075.66,3954.75,-114.401,283.954694951295,283.9
120,2914,4074.28,3952.63,-114.361,284.000142951112,284.0
110,2044,6848.63,2985.6,-71.4927,284.054214386533,284.0
120,2890,4075.21,3948.2,-115.819,284.054311795061,284.0
85,1852,6904.81,2160.84,-78.7642,284.054324090491,284.0
110,5530,6543.81,2998.7,-85.0686,284.054754438061,284.0
110,2044,6850.55,2985.88,-71.3346,284.154227381677,284.1
120,2890,4073.82,3946.06,-115.899,284.154285795363,284.1
110,5530,6546.29,2998.75,-85.0089,284.154463358938,284.1
120,2914,4072.89,3950.5,-114.405,284.1544808006,284.1
85,1852,6904.69,2159.4,-78.6912,284.154513829257,284.1
110,5530,6548.78,2998.7,-84.9521,284.200144104753,284.2
110,2044,6852.46,2986.16,-71.1783,284.254240376922,284.2
85,1852,6904.56,2157.96,-78.6178,284.254311081234,284.2
120,2890,4072.41,3943.9,-115.999,284.254311795884,284.2
120,2914,4071.49,3948.35,-114.489,284.254701999589,284.2
110,5530,6551.29,2998.58,-84.9145,284.300145340395,284.3
110,2044,6854.37,2986.44,-71.0233,284.354240372243,284.3
85,1852,6904.44,2156.52,-78.5437,284.35429807661,284.3
110,5530,6553.8,2998.46,-84.8576,284.400150403201,284.4
110,2044,6856.28,2986.72,-70.8706,284.454214367659,284.4
85,1852,6904.31,2155.09,-78.4693,284.454324072003,284.4
120,2914,4068.66,3944.0,-114.716,284.454486933514,284.4
110,5530,6556.28,2998.34,-84.7967,284.500150394427,284.5
110,2044,6858.19,2987.0,-70.7205,284.554240363168,284.5
85,1852,6904.19,2153.65,-78.3942,284.554311067393,284.5
120,2914,4067.23,3941.81,-114.896,284.554499935773,284.5
120,2890,4068.14,3937.34,-116.546,284.554694961913,284.5
120,5266,4081.89,3964.3,-115.039,284.554890053212,284.5
110,2044,6860.1,2987.28,-70.574,284.65420135878,284.6
85,1852,6904.06,2152.21,-78.3184,284.654298062779,284.6
120,2890,4066.69,3935.12,-116.824,284.654298800208,284.6
120,784,4085.95,3964.61,-116.68,284.654493917434,284.6
110,2044,6862.01,2987.56,-70.4321,284.754227354513,284.7
120,784,4084.72,3962.78,-116.443,284.754278840808,284.7
85,1852,6903.94,2150.78,-78.2421,284.754285058181,284.7
120,2890,4065.23,3932.89,-117.136,284.754665979402,284.7
110,2044,6863.92,2987.84,-70.2961,284.854227350352,284.8
120,784,4083.51,3960.93,-116.235,284.854278839805,284.8
85,1852,6903.81,2149.34,-78.1653,284.854513830654,284.8
120,2890,4063.77,3930.64,-117.474,284.854678965583,284.8
120,2914,4061.42,3932.9,-116.06,284.900139971137,284.9
110,2044,6865.84,2988.12,-70.1674,284.954240346321,284.9
120,784,4082.3,3959.08,-116.075,284.95430483896,284.9
85,1852,6903.69,2147.91,-78.0878,284.954324048994,284.9
120,2890,4062.3,3928.38,-117.841,284.954652950752,284.9
120,5266,4076.68,3956.31,-114.451,284.954861035562,284.9
120,5266,4075.38,3954.31,-114.39,285.000140035234,285.0
110,5530,6568.06,2997.61,-84.5321,285.000145272482,285.0
110,2044,6867.75,2988.4,-70.0465,285.054240342415,285.0
85,1852,6903.56,2146.47,-78.0095,285.054285044398,285.0
120,2890,4052.3,3914.61,-120.385,285.05428582163,285.0
110,5950,7004.28,2948.44,-108.704,285.054449044301,285.0
120,2914,4059.95,3930.64,-116.431,285.054480855354,285.0
120,784,4081.1,3957.24,-115.96,285.054675968741,285.0
110,5530,6570.29,2997.38,-84.5098,285.100145263886,285.1
110,2044,6869.66,2988.68,-69.9243,285.15421433866,285.1
120,784,4079.9,3955.39,-115.871,285.154291837744,285.1
85,1852,6903.44,2145.03,-77.9306,285.154324039805,285.1
120,2890,4050.75,3912.66,-120.766,285.154500038983,285.1
110,2044,6871.57,2988.96,-69.8064,285.25424033506,285.2
85,1852,6902.54,2134.17,-77.3109,285.25428500526,285.2
120,784,4078.7,3953.54,-115.806,285.254304837373,285.2
120,5266,4072.78,3950.32,-114.413,285.254512850101,285.2
120,2914,4048.4,3914.85,-119.425,285.254652878163,285.2
120,2890,4049.21,3910.7,-121.177,285.255020207982,285.2
110,2044,6873.48,2989.26,-69.6846,285.354201331613,285.3
120,784,4077.49,3951.7,-115.764,285.354278837161,285.3
85,1852,6902.43,2132.89,-77.2356,285.354298001235,285.3
120,2890,4047.67,3908.75,-121.608,285.355043653342,285.3
120,784,4076.29,3949.85,-115.756,285.454291837108,285.4
85,1852,6902.33,2131.62,-77.1588,285.454297997202,285.4
120,2890,4046.13,3906.8,-122.053,285.454652856028,285.4
75,2200,4939.17,1889.0,-127.197,285.500147689687,285.5
85,1852,6902.23,2130.34,-77.0825,285.554284993172,285.5
120,784,4075.08,3948.0,-115.828,285.554304837214,285.5
120,2890,4044.59,3904.85,-122.5,285.554500055138,285.5
120,784,4073.88,3946.15,-115.895,285.654278837479,285.6
85,1852,6902.12,2129.07,-77.0058,285.654323989152,285.6
120,2914,4042.22,3907.02,-121.186,285.654474037744,285.6
120,5266,4067.57,3942.33,-114.847,285.654669142675,285.6
120,2890,4043.05,3902.9,-122.962,285.654877350184,285.6
120,2926,4083.23,3966.3,-115.304,285.700143247353,285.7
85,1852,6902.02,2127.8,-76.9285,285.754284985145,285.7
120,5266,4066.27,3940.34,-115.045,285.754499855895,285.7
120,2914,4040.67,3905.06,-121.661,285.754734043934,285.7
120,2890,4041.5,3900.94,-123.446,285.755030130056,285.7
120,784,4071.47,3942.46,-116.085,285.854291838486,285.8
85,1852,6901.92,2126.52,-76.8506,285.854297981138,285.8
75,2200,4931.26,1889.27,-124.895,285.854797586069,285.8
75,4690,4936.56,1885.89,-127.06,285.85538260648,285.8
75,4690,4934.27,1885.97,-126.37,285.900143359278,285.9
85,1852,6901.81,2125.25,-76.772,285.954297977133,285.9
120,784,4070.27,3940.61,-116.219,285.954317839227,285.9
120,2926,4081.2,3963.25,-114.912,285.954678998881,285.9
85,1852,6901.71,2123.98,-76.6929,286.054297973135,286.0
120,784,4069.06,3938.75,-116.395,286.054304840126,286.0
120,784,4067.86,3936.91,-116.594,286.154317841177,286.1
85,1852,6901.61,2122.7,-76.6131,286.15432396914,286.1
120,2926,4079.29,3960.31,-114.661,286.154551916159,286.1
120,2176,4051.26,3901.24,-125.754,286.200139823933,286.2
120,784,4066.65,3935.06,-116.832,286.254278842384,286.2
85,1852,6901.5,2121.43,-76.5327,286.254310965154,286.2
120,2926,4078.37,3958.9,-114.572,286.254473917348,286.2
120,5266,4059.75,3930.34,-116.483,286.25468204085,286.2
75,4690,4927.4,1886.2,-124.604,286.254896292402,286.2
120,2176,4052.63,3902.97,-125.353,286.300139851325,286.3
85,1852,6900.25,2106.13,-75.5131,286.354284917662,286.3
120,784,4065.45,3933.21,-117.089,286.354304843741,286.3
120,784,4064.25,3931.37,-117.361,286.454278845247,286.4
85,1852,6900.19,2105.38,-75.4611,286.454310915384,286.4
120,2926,4076.59,3956.17,-114.446,286.454626931322,286.4
85,1852,6900.12,2104.64,-75.4096,286.554310913116,286.5
120,784,4063.04,3929.52,-117.654,286.554317846908,286.5
85,1852,6900.06,2103.9,-75.3572,286.654310910851,286.6
120,784,4053.35,3915.95,-120.126,286.654652799033,286.6
120,784,4052.1,3914.36,-120.435,286.754821898678,286.7
75,1804,4938.94,1889.01,-127.119,286.754983501653,286.7
120,784,4050.84,3912.77,-120.743,286.854431774265,286.8
120,784,4049.58,3911.18,-121.076,286.954431762969,286.9
75,1804,4933.73,1889.19,-125.54,286.954983625895,286.9
120,784,4048.33,3909.59,-121.42,287.054652703521,287.0
75,1804,4931.13,1889.28,-124.863,287.054983351166,287.0
120,784,4047.08,3908.0,-121.779,287.15443169163,287.1
120,4282,4082.41,3965.1,-115.143,287.354345207648,287.3
120,784,4044.57,3904.83,-122.506,287.354639669171,287.3
75,676,4967.97,1884.8,-126.186,287.355363370081,287.3
120,4282,4081.69,3963.99,-115.0,287.454306206977,287.4
120,784,4043.31,3903.23,-122.882,287.454470657468,287.4
75,2584,4928.86,1886.15,-124.946,287.454980831284,287.4
120,4282,4080.28,3961.83,-114.771,287.654306205843,287.6
120,4282,4079.6,3960.79,-114.694,287.754345205376,287.7
120,4282,4078.94,3959.78,-114.626,287.85430620497,287.8
120,4282,4078.3,3958.79,-114.566,287.95434520462,287.9
75,5320,4940.46,1888.95,-127.648,287.954595189213,287.9
120,4282,4077.67,3957.83,-114.516,288.054332204324,288.0
120,4282,4077.06,3956.89,-114.474,288.154405763608,288.1
120,874,4046.01,3889.43,-129.473,288.154795996378,288.1
75,3766,4925.83,1877.78,-126.479,288.15551422333,288.1
120,874,4047.48,3891.3,-128.979,288.254418613652,288.2
120,4282,4076.47,3955.98,-114.439,288.254613757282,288.2
75,676,4937.65,1885.85,-127.412,288.25517596266,288.2
75,3766,4930.17,1877.63,-127.542,288.300143039022,288.3
120,4282,4075.89,3955.1,-114.411,288.354626741598,288.3
120,874,4048.95,3893.16,-128.501,288.354834725728,288.3
120,874,4050.43,3895.03,-128.035,288.454652608112,288.4
120,4282,4075.33,3954.24,-114.389,288.454847733978,288.4
75,676,4933.2,1886.0,-126.064,288.454980866968,288.4
120,2176,4093.62,3953.63,-121.826,288.50013983999,288.5
75,676,4930.97,1886.08,-125.466,288.554592850034,288.5
75,5146,4968.45,1879.72,-128.863,288.600148255444,288.6
75,676,4928.75,1886.16,-124.921,288.655142152686,288.6
75,1312,4925.22,1881.01,-125.76,289.354256586235,289.3
75,1312,4927.3,1880.93,-126.221,289.454230582947,289.4
75,1312,4929.36,1880.86,-126.713,289.55423057977,289.5
75,1312,4931.42,1880.79,-127.244,289.654413324487,289.6
75,1312,4933.45,1880.72,-127.806,289.754217573693,289.7
75,1312,4935.49,1880.65,-128.419,289.854230570783,289.8
